{
  "sepal length": {
    "mean": 5.843333333333334,
    "std": 0.8253012917851409,
    "median": 5.8,
    "min": 4.3,
    "max": 7.9,
    "q1": 5.1,
    "q3": 6.4,
    "hist": [
      0.16666666666666652,
      0.4259259259259266,
      0.259259259259259,
      0.4999999999999995,
      0.2962962962962968,
      0.48148148148148107,
      0.33333333333333304,
      0.11111111111111129,
      0.09259259259259252,
      0.11111111111111102
    ]
  },
  "sepal width": {
    "mean": 3.0573333333333337,
    "std": 0.4344109677354946,
    "median": 3.0,
    "min": 2.0,
    "max": 4.4,
    "q1": 2.8,
    "q3": 3.3,
    "hist": [
      0.11111111111111102,
      0.19444444444444464,
      0.6111111111111106,
      0.6666666666666673,
      1.027777777777777,
      0.8611111111111103,
      0.2777777777777775,
      0.30555555555555586,
      0.05555555555555561,
      0.05555555555555551
    ]
  },
  "petal length": {
    "mean": 3.7580000000000005,
    "std": 1.759404065775303,
    "median": 4.35,
    "min": 1.0,
    "max": 6.9,
    "q1": 1.6,
    "q3": 5.1,
    "hist": [
      0.4180790960451977,
      0.14689265536723162,
      0.0,
      0.033898305084745776,
      0.09039548022598871,
      0.2937853107344629,
      0.32768361581920913,
      0.20338983050847462,
      0.12429378531073448,
      0.05649717514124295
    ]
  },
  "petal width": {
    "mean": 1.1993333333333336,
    "std": 0.7596926279021594,
    "median": 1.3,
    "min": 0.1,
    "max": 2.5,
    "q1": 0.3,
    "q3": 1.8,
    "hist": [
      1.138888888888889,
      0.22222222222222224,
      0.02777777777777778,
      0.19444444444444436,
      0.22222222222222224,
      0.9166666666666666,
      0.16666666666666666,
      0.638888888888889,
      0.24999999999999975,
      0.3888888888888893
    ]
  }
}